sentence,label
Vertex reports rising costs linked to a product recall.,negative
Shares of Nimbus plunged amid supply chain disruption.,negative
Quantum warns of lower-than-expected debt as demand falls.,negative
Cobalt announces a dividend increase after record demand.,positive
Quantum confirmed new partnerships is under review.,neutral
Helio raises its cash flow guidance following a major contract win.,positive
Shares of Summit surged after a major contract win.,positive
Apex reports rising expenses linked to a product recall.,negative
Pioneer scheduled a call to discuss expansion plans.,neutral
Helio reports rising downgrades linked to regulatory scrutiny.,negative
Quantum scheduled a call to discuss dividend policy.,neutral
Atlas reports solid sales as demand rises.,positive
Shares of Apex surged after a successful product launch.,positive
Analysts downgrade Apex after supply chain disruption.,negative
Shares of Orion plunged amid weak guidance.,negative
Quantum announced a strategic review.,neutral
Helio raises its guidance guidance following a successful product launch.,positive
Atlas scheduled a call to discuss cost optimisation.,neutral
Nimbus announces a dividend increase after strong quarterly results.,positive
Vertex reports record profit as demand rises.,positive
Vertex reports impressive revenue as demand rises.,positive
Apex scheduled a call to discuss cost optimisation.,neutral
Apex reports rising costs linked to regulatory scrutiny.,negative
Quantum cuts its debt forecast due to a product recall.,negative
Analysts upgrade Vertex on record outlook.,positive
Orion announces a dividend increase after an upgraded outlook.,positive
Quantum announced a strategic review.,neutral
Vertex scheduled a call to discuss expansion plans.,neutral
Vertex raises its profit guidance following strong quarterly results.,positive
Shares of Vertex plunged amid a data breach.,negative
Apex scheduled a call to discuss cost optimisation.,neutral
Nimbus scheduled a call to discuss risk management.,neutral
Nimbus announced a quarterly call.,neutral
Shares of Nimbus surged after a major contract win.,positive
Shares of Nimbus surged after record demand.,positive
Shares of Nimbus plunged amid weak guidance.,negative
Analysts upgrade Vertex on strong outlook.,positive
Shares of Quantum plunged amid a data breach.,negative
Analysts upgrade Nimbus on strong outlook.,positive
Atlas reports rising debt linked to weak guidance.,negative
Summit scheduled a call to discuss dividend policy.,neutral
Apex said it will provide an update on risk management.,neutral
Vertex said it will provide an update on capital allocation.,neutral
Analysts upgrade Atlas on better-than-expected outlook.,positive
Helio reports better-than-expected earnings as demand rises.,positive
Shares of Nimbus surged after record demand.,positive
Cobalt reports robust guidance as demand rises.,positive
Nimbus said it will provide an update on cost optimisation.,neutral
Nimbus warns of soft expenses as demand falls.,negative
Nimbus cuts its downgrades forecast due to a lawsuit.,negative
Summit confirmed risk management is under review.,neutral
Quantum announced a shareholder update.,neutral
Cobalt cuts its losses forecast due to a data breach.,negative
Helio warns of challenging downgrades as demand falls.,negative
Summit reports rising costs linked to regulatory scrutiny.,negative
Atlas cuts its write-downs forecast due to a product recall.,negative
Summit announces a dividend increase after a major contract win.,positive
Quantum scheduled a call to discuss cost optimisation.,neutral
Analysts upgrade Atlas on solid outlook.,positive
Nimbus warns of worse-than-expected downgrades as demand falls.,negative
Cobalt said it will provide an update on expansion plans.,neutral
Nimbus raises its profit guidance following a major contract win.,positive
Shares of Quantum surged after a successful product launch.,positive
Cobalt announced a shareholder update.,neutral
Analysts upgrade Cobalt on robust outlook.,positive
Nimbus announces a dividend increase after a major contract win.,positive
Helio confirmed dividend policy is under review.,neutral
Cobalt confirmed dividend policy is under review.,neutral
Pioneer warns of challenging costs as demand falls.,negative
Summit said it will provide an update on new partnerships.,neutral
Atlas warns of lower-than-expected losses as demand falls.,negative
Shares of Helio surged after a major contract win.,positive
Atlas confirmed dividend policy is under review.,neutral
Helio scheduled a call to discuss expansion plans.,neutral
Cobalt will hold a board reshuffle next week.,neutral
Quantum announced a strategic review.,neutral
Shares of Quantum plunged amid weak guidance.,negative
Helio warns of disappointing downgrades as demand falls.,negative
Quantum warns of worse-than-expected costs as demand falls.,negative
Analysts downgrade Orion after a product recall.,negative
Helio warns of weak write-downs as demand falls.,negative
Atlas cuts its write-downs forecast due to supply chain disruption.,negative
Orion scheduled a call to discuss cost optimisation.,neutral
Helio will hold a shareholder update next week.,neutral
Vertex warns of challenging downgrades as demand falls.,negative
Cobalt cuts its costs forecast due to a product recall.,negative
Orion reports rising downgrades linked to weak guidance.,negative
Orion raises its guidance guidance following a major contract win.,positive
Nimbus announced a board reshuffle.,neutral
Helio will hold its annual general meeting next week.,neutral
Analysts upgrade Vertex on solid outlook.,positive
Apex announces a dividend increase after a major contract win.,positive
Pioneer announced a shareholder update.,neutral
Atlas cuts its costs forecast due to a lawsuit.,negative
Analysts upgrade Orion on impressive outlook.,positive
Quantum warns of worse-than-expected debt as demand falls.,negative
Summit announces a dividend increase after record demand.,positive
Vertex announced a strategic review.,neutral
Vertex raises its earnings guidance following a successful product launch.,positive
Quantum will hold a board reshuffle next week.,neutral
Analysts upgrade Pioneer on robust outlook.,positive
Atlas announces a dividend increase after record demand.,positive
Analysts downgrade Summit after regulatory scrutiny.,negative
Nimbus reports rising debt linked to a product recall.,negative
Nimbus said it will provide an update on capital allocation.,neutral
Vertex warns of lower-than-expected downgrades as demand falls.,negative
Apex cuts its losses forecast due to a data breach.,negative
Shares of Pioneer surged after a successful product launch.,positive
Pioneer will hold a board reshuffle next week.,neutral
Nimbus warns of weak losses as demand falls.,negative
Cobalt announces a dividend increase after a major contract win.,positive
Pioneer reports rising expenses linked to supply chain disruption.,negative
Helio announced a quarterly call.,neutral
Pioneer said it will provide an update on new partnerships.,neutral
Cobalt reports rising expenses linked to a product recall.,negative
Quantum raises its cash flow guidance following a successful product launch.,positive
Quantum warns of soft write-downs as demand falls.,negative
Shares of Cobalt plunged amid regulatory scrutiny.,negative
Pioneer said it will provide an update on cost optimisation.,neutral
Analysts downgrade Vertex after weak guidance.,negative
Nimbus cuts its costs forecast due to a data breach.,negative
Vertex confirmed capital allocation is under review.,neutral
Atlas announced a strategic review.,neutral
Analysts downgrade Quantum after a data breach.,negative
Cobalt warns of challenging losses as demand falls.,negative
Atlas confirmed new partnerships is under review.,neutral
Shares of Summit plunged amid supply chain disruption.,negative
Helio confirmed new partnerships is under review.,neutral
Shares of Cobalt plunged amid regulatory scrutiny.,negative
Pioneer scheduled a call to discuss dividend policy.,neutral
Pioneer confirmed risk management is under review.,neutral
Atlas reports robust guidance as demand rises.,positive
Shares of Orion surged after record demand.,positive
Quantum reports rising expenses linked to a data breach.,negative
Shares of Atlas plunged amid weak guidance.,negative
Apex cuts its debt forecast due to a product recall.,negative
Shares of Quantum surged after a major contract win.,positive
Atlas warns of weak downgrades as demand falls.,negative
Nimbus scheduled a call to discuss capital allocation.,neutral
Atlas will hold a shareholder update next week.,neutral
Pioneer said it will provide an update on dividend policy.,neutral
Summit announces a dividend increase after record demand.,positive
Orion reports rising losses linked to supply chain disruption.,negative
Analysts downgrade Helio after a product recall.,negative
Helio warns of lower-than-expected debt as demand falls.,negative
Analysts upgrade Summit on impressive outlook.,positive
Nimbus reports robust sales as demand rises.,positive
Quantum reports better-than-expected guidance as demand rises.,positive
Atlas will hold a quarterly call next week.,neutral
Pioneer reports rising debt linked to supply chain disruption.,negative
Analysts downgrade Atlas after regulatory scrutiny.,negative
Vertex raises its sales guidance following strong quarterly results.,positive
Vertex said it will provide an update on new partnerships.,neutral
Helio raises its sales guidance following strong quarterly results.,positive
Cobalt will hold a shareholder update next week.,neutral
Analysts upgrade Orion on strong outlook.,positive
Analysts upgrade Cobalt on impressive outlook.,positive
Nimbus scheduled a call to discuss risk management.,neutral
Atlas said it will provide an update on capital allocation.,neutral
Vertex said it will provide an update on capital allocation.,neutral
Summit reports rising downgrades linked to a product recall.,negative
Pioneer reports rising expenses linked to a data breach.,negative
Helio confirmed new partnerships is under review.,neutral
Summit reports better-than-expected earnings as demand rises.,positive
Shares of Vertex surged after strong quarterly results.,positive
Cobalt reports rising write-downs linked to regulatory scrutiny.,negative
Shares of Orion surged after record demand.,positive
Atlas will hold its annual general meeting next week.,neutral
Summit said it will provide an update on capital allocation.,neutral
Atlas will hold a shareholder update next week.,neutral
Apex said it will provide an update on dividend policy.,neutral
Atlas said it will provide an update on expansion plans.,neutral
Helio reports strong profit as demand rises.,positive
Pioneer reports robust earnings as demand rises.,positive
Quantum will hold a quarterly call next week.,neutral
Quantum warns of soft debt as demand falls.,negative
Vertex warns of worse-than-expected costs as demand falls.,negative
Summit raises its sales guidance following an upgraded outlook.,positive
Nimbus raises its cash flow guidance following strong quarterly results.,positive
Summit scheduled a call to discuss risk management.,neutral
Atlas confirmed capital allocation is under review.,neutral
Nimbus cuts its costs forecast due to weak guidance.,negative
Vertex scheduled a call to discuss cost optimisation.,neutral
Pioneer reports rising debt linked to a product recall.,negative
Analysts downgrade Quantum after supply chain disruption.,negative
Nimbus reports robust profit as demand rises.,positive
Helio warns of soft losses as demand falls.,negative
Atlas announces a dividend increase after record demand.,positive
Analysts upgrade Summit on strong outlook.,positive
Nimbus scheduled a call to discuss dividend policy.,neutral
Summit raises its earnings guidance following strong quarterly results.,positive
Helio cuts its downgrades forecast due to weak guidance.,negative
Shares of Cobalt plunged amid a data breach.,negative
Vertex announces a dividend increase after an upgraded outlook.,positive
Nimbus reports strong profit as demand rises.,positive
Shares of Vertex surged after a major contract win.,positive
Shares of Summit surged after an upgraded outlook.,positive
Orion raises its earnings guidance following a major contract win.,positive
Cobalt announces a dividend increase after an upgraded outlook.,positive
Nimbus announces a dividend increase after record demand.,positive
Nimbus announced a shareholder update.,neutral
Shares of Helio surged after a successful product launch.,positive
Vertex will hold a strategic review next week.,neutral
Pioneer confirmed capital allocation is under review.,neutral
Apex announces a dividend increase after an upgraded outlook.,positive
Pioneer reports rising debt linked to a data breach.,negative
Helio cuts its downgrades forecast due to weak guidance.,negative
Summit reports rising debt linked to regulatory scrutiny.,negative
Orion raises its earnings guidance following strong quarterly results.,positive
Shares of Apex plunged amid a data breach.,negative
Analysts downgrade Atlas after regulatory scrutiny.,negative
Analysts downgrade Apex after a lawsuit.,negative
Vertex raises its sales guidance following an upgraded outlook.,positive
Analysts upgrade Quantum on record outlook.,positive
Orion will hold its annual general meeting next week.,neutral
Cobalt announced a shareholder update.,neutral
Analysts downgrade Orion after a product recall.,negative
Apex cuts its losses forecast due to regulatory scrutiny.,negative
Pioneer announces a dividend increase after record demand.,positive
Orion cuts its costs forecast due to a lawsuit.,negative
Orion reports rising debt linked to regulatory scrutiny.,negative
Shares of Summit surged after a successful product launch.,positive
Pioneer reports rising costs linked to a data breach.,negative
Atlas scheduled a call to discuss risk management.,neutral
Analysts downgrade Apex after supply chain disruption.,negative
Vertex cuts its downgrades forecast due to a lawsuit.,negative
Atlas announced a quarterly call.,neutral
Quantum will hold a shareholder update next week.,neutral
Shares of Quantum plunged amid regulatory scrutiny.,negative
Analysts upgrade Helio on solid outlook.,positive
Nimbus said it will provide an update on risk management.,neutral
Shares of Atlas surged after an upgraded outlook.,positive
Nimbus confirmed dividend policy is under review.,neutral
Cobalt warns of weak downgrades as demand falls.,negative
Pioneer will hold its annual general meeting next week.,neutral
Atlas announced a shareholder update.,neutral
Quantum announces a dividend increase after a successful product launch.,positive
Orion confirmed new partnerships is under review.,neutral
Apex warns of lower-than-expected costs as demand falls.,negative
Helio said it will provide an update on new partnerships.,neutral
Summit said it will provide an update on new partnerships.,neutral
Apex will hold a board reshuffle next week.,neutral
Cobalt announces a dividend increase after strong quarterly results.,positive
Shares of Atlas plunged amid regulatory scrutiny.,negative
Orion reports rising losses linked to weak guidance.,negative
Atlas confirmed capital allocation is under review.,neutral
Quantum raises its cash flow guidance following an upgraded outlook.,positive
Nimbus confirmed expansion plans is under review.,neutral
Orion announces a dividend increase after a successful product launch.,positive
Shares of Orion plunged amid weak guidance.,negative
Shares of Pioneer surged after an upgraded outlook.,positive
Vertex warns of worse-than-expected costs as demand falls.,negative
Analysts downgrade Vertex after regulatory scrutiny.,negative
Summit reports strong revenue as demand rises.,positive
Cobalt announced its annual general meeting.,neutral
Analysts downgrade Helio after weak guidance.,negative
Analysts downgrade Summit after a lawsuit.,negative
Quantum confirmed expansion plans is under review.,neutral
Analysts downgrade Pioneer after a product recall.,negative
Quantum reports rising debt linked to regulatory scrutiny.,negative
Helio will hold its annual general meeting next week.,neutral
Atlas will hold a strategic review next week.,neutral
Apex reports rising downgrades linked to regulatory scrutiny.,negative
Apex cuts its downgrades forecast due to weak guidance.,negative
Cobalt scheduled a call to discuss new partnerships.,neutral
Quantum will hold a shareholder update next week.,neutral
Analysts downgrade Atlas after a lawsuit.,negative
Orion said it will provide an update on new partnerships.,neutral
Analysts upgrade Quantum on better-than-expected outlook.,positive
Atlas said it will provide an update on new partnerships.,neutral
Quantum will hold its annual general meeting next week.,neutral
Nimbus raises its profit guidance following a major contract win.,positive
Analysts downgrade Quantum after a lawsuit.,negative
Cobalt said it will provide an update on new partnerships.,neutral
Vertex warns of worse-than-expected debt as demand falls.,negative
Pioneer confirmed expansion plans is under review.,neutral
Orion announced a shareholder update.,neutral
Nimbus said it will provide an update on cost optimisation.,neutral
Analysts upgrade Helio on strong outlook.,positive
Shares of Cobalt surged after record demand.,positive
Analysts downgrade Helio after supply chain disruption.,negative
Nimbus will hold its annual general meeting next week.,neutral
Helio announced a board reshuffle.,neutral
Summit cuts its debt forecast due to a data breach.,negative
Summit scheduled a call to discuss expansion plans.,neutral
Nimbus reports robust earnings as demand rises.,positive
Vertex warns of disappointing write-downs as demand falls.,negative
Cobalt reports better-than-expected revenue as demand rises.,positive
Pioneer will hold a strategic review next week.,neutral
Helio raises its sales guidance following strong quarterly results.,positive
Apex confirmed new partnerships is under review.,neutral
Summit reports solid revenue as demand rises.,positive
Summit reports rising debt linked to regulatory scrutiny.,negative
Analysts downgrade Cobalt after a lawsuit.,negative
Atlas announces a dividend increase after a major contract win.,positive
Cobalt reports strong cash flow as demand rises.,positive
Analysts downgrade Nimbus after supply chain disruption.,negative
Orion announced a shareholder update.,neutral
Quantum announced a quarterly call.,neutral
Analysts upgrade Nimbus on better-than-expected outlook.,positive
Apex cuts its losses forecast due to supply chain disruption.,negative
Quantum announces a dividend increase after strong quarterly results.,positive
Atlas scheduled a call to discuss cost optimisation.,neutral
Pioneer said it will provide an update on new partnerships.,neutral
Analysts upgrade Pioneer on better-than-expected outlook.,positive
Quantum confirmed capital allocation is under review.,neutral
Apex warns of disappointing costs as demand falls.,negative
Vertex cuts its downgrades forecast due to a data breach.,negative
Nimbus scheduled a call to discuss expansion plans.,neutral
Pioneer reports rising expenses linked to a product recall.,negative
Analysts downgrade Atlas after a product recall.,negative
Analysts downgrade Atlas after a product recall.,negative
Analysts upgrade Orion on robust outlook.,positive
Nimbus will hold a board reshuffle next week.,neutral
Analysts downgrade Vertex after a lawsuit.,negative
Summit confirmed dividend policy is under review.,neutral
Atlas cuts its expenses forecast due to a lawsuit.,negative
Analysts downgrade Helio after a data breach.,negative
Vertex reports rising downgrades linked to a lawsuit.,negative
Atlas confirmed capital allocation is under review.,neutral
Pioneer announced a board reshuffle.,neutral
Analysts upgrade Summit on better-than-expected outlook.,positive
Pioneer warns of worse-than-expected costs as demand falls.,negative
Shares of Helio surged after a major contract win.,positive
Quantum announces a dividend increase after strong quarterly results.,positive
Shares of Summit plunged amid a lawsuit.,negative
Helio announced a board reshuffle.,neutral
Apex announces a dividend increase after record demand.,positive
Pioneer reports record sales as demand rises.,positive
Shares of Vertex plunged amid a lawsuit.,negative
Atlas confirmed risk management is under review.,neutral
Helio reports solid earnings as demand rises.,positive
Orion announces a dividend increase after a successful product launch.,positive
Analysts upgrade Helio on better-than-expected outlook.,positive
Orion confirmed expansion plans is under review.,neutral
Pioneer cuts its debt forecast due to a lawsuit.,negative
Orion raises its profit guidance following record demand.,positive
Quantum scheduled a call to discuss expansion plans.,neutral
Vertex reports rising downgrades linked to a lawsuit.,negative
Shares of Apex surged after record demand.,positive
Analysts downgrade Atlas after a lawsuit.,negative
Analysts upgrade Vertex on record outlook.,positive
Helio confirmed risk management is under review.,neutral
Cobalt warns of lower-than-expected downgrades as demand falls.,negative
Quantum reports record earnings as demand rises.,positive
Helio said it will provide an update on cost optimisation.,neutral
Analysts upgrade Quantum on impressive outlook.,positive
Summit confirmed expansion plans is under review.,neutral
Pioneer announces a dividend increase after strong quarterly results.,positive
Analysts upgrade Helio on robust outlook.,positive
Summit reports rising losses linked to weak guidance.,negative
Analysts downgrade Orion after supply chain disruption.,negative
Helio will hold a board reshuffle next week.,neutral
Atlas confirmed risk management is under review.,neutral
Helio reports robust revenue as demand rises.,positive
Apex raises its guidance guidance following record demand.,positive
Nimbus warns of worse-than-expected debt as demand falls.,negative
Pioneer confirmed new partnerships is under review.,neutral
Apex will hold a quarterly call next week.,neutral
Quantum raises its guidance guidance following a major contract win.,positive
Quantum announces a dividend increase after record demand.,positive
Analysts upgrade Vertex on robust outlook.,positive
Apex warns of weak expenses as demand falls.,negative
Vertex will hold a strategic review next week.,neutral
Nimbus said it will provide an update on new partnerships.,neutral
Shares of Summit surged after an upgraded outlook.,positive
Pioneer cuts its downgrades forecast due to a lawsuit.,negative
Vertex cuts its debt forecast due to a product recall.,negative
Analysts upgrade Vertex on impressive outlook.,positive
Shares of Cobalt surged after an upgraded outlook.,positive
Apex warns of worse-than-expected downgrades as demand falls.,negative
Orion raises its profit guidance following record demand.,positive
Analysts downgrade Helio after weak guidance.,negative
Quantum reports robust revenue as demand rises.,positive
Summit warns of worse-than-expected downgrades as demand falls.,negative
Quantum said it will provide an update on capital allocation.,neutral
Apex confirmed cost optimisation is under review.,neutral
Helio said it will provide an update on dividend policy.,neutral
Shares of Vertex plunged amid a data breach.,negative
Apex announced its annual general meeting.,neutral
Helio reports strong earnings as demand rises.,positive
Vertex confirmed expansion plans is under review.,neutral
Analysts downgrade Nimbus after regulatory scrutiny.,negative
Orion reports rising losses linked to a data breach.,negative
Atlas warns of disappointing costs as demand falls.,negative
Analysts downgrade Quantum after a product recall.,negative
Analysts downgrade Orion after regulatory scrutiny.,negative
Apex will hold a quarterly call next week.,neutral
Vertex reports rising costs linked to a lawsuit.,negative
Quantum announced a board reshuffle.,neutral
Summit raises its guidance guidance following an upgraded outlook.,positive
Apex warns of weak downgrades as demand falls.,negative
Orion warns of worse-than-expected downgrades as demand falls.,negative
Nimbus said it will provide an update on risk management.,neutral
Cobalt scheduled a call to discuss cost optimisation.,neutral
Helio reports rising debt linked to a data breach.,negative
Analysts upgrade Apex on strong outlook.,positive
Analysts downgrade Atlas after supply chain disruption.,negative
Summit reports rising expenses linked to weak guidance.,negative
Pioneer announced a shareholder update.,neutral
Atlas reports rising expenses linked to supply chain disruption.,negative
Quantum reports solid sales as demand rises.,positive
Quantum confirmed cost optimisation is under review.,neutral
Nimbus raises its sales guidance following record demand.,positive
Pioneer scheduled a call to discuss new partnerships.,neutral
Quantum raises its sales guidance following strong quarterly results.,positive
Atlas reports record profit as demand rises.,positive
Analysts upgrade Nimbus on impressive outlook.,positive
Shares of Nimbus plunged amid weak guidance.,negative
Pioneer reports impressive guidance as demand rises.,positive
Pioneer will hold a strategic review next week.,neutral
Cobalt reports rising expenses linked to regulatory scrutiny.,negative
Nimbus said it will provide an update on new partnerships.,neutral
Orion confirmed risk management is under review.,neutral
Nimbus raises its revenue guidance following a major contract win.,positive
Shares of Cobalt surged after strong quarterly results.,positive
Apex announces a dividend increase after a successful product launch.,positive
Cobalt announces a dividend increase after a successful product launch.,positive
Analysts upgrade Pioneer on better-than-expected outlook.,positive
Orion will hold its annual general meeting next week.,neutral
Shares of Helio plunged amid a data breach.,negative
Orion said it will provide an update on cost optimisation.,neutral
Summit scheduled a call to discuss expansion plans.,neutral
Analysts downgrade Vertex after weak guidance.,negative
Pioneer raises its sales guidance following record demand.,positive
Summit announces a dividend increase after an upgraded outlook.,positive
Vertex reports rising expenses linked to weak guidance.,negative
Cobalt confirmed dividend policy is under review.,neutral
Cobalt will hold a shareholder update next week.,neutral
Helio warns of lower-than-expected downgrades as demand falls.,negative
Analysts downgrade Apex after weak guidance.,negative
Orion scheduled a call to discuss risk management.,neutral
Atlas reports rising expenses linked to regulatory scrutiny.,negative
Shares of Atlas plunged amid a lawsuit.,negative
Shares of Summit surged after record demand.,positive
Summit warns of disappointing downgrades as demand falls.,negative
Shares of Apex surged after a major contract win.,positive
Shares of Atlas surged after an upgraded outlook.,positive
Helio warns of challenging downgrades as demand falls.,negative
Analysts upgrade Cobalt on record outlook.,positive
Shares of Orion surged after strong quarterly results.,positive
Quantum said it will provide an update on cost optimisation.,neutral
Summit will hold a quarterly call next week.,neutral
Shares of Atlas surged after strong quarterly results.,positive
Orion said it will provide an update on capital allocation.,neutral
Apex announces a dividend increase after a successful product launch.,positive
Helio reports record profit as demand rises.,positive
Cobalt announced a board reshuffle.,neutral
Cobalt scheduled a call to discuss expansion plans.,neutral
Atlas raises its sales guidance following record demand.,positive
Orion raises its cash flow guidance following strong quarterly results.,positive
Shares of Vertex surged after strong quarterly results.,positive
Orion announces a dividend increase after a successful product launch.,positive
Quantum will hold a quarterly call next week.,neutral
Analysts upgrade Cobalt on solid outlook.,positive
Summit confirmed risk management is under review.,neutral
Apex announces a dividend increase after a major contract win.,positive
Apex said it will provide an update on cost optimisation.,neutral
Orion cuts its losses forecast due to supply chain disruption.,negative
Quantum warns of lower-than-expected costs as demand falls.,negative
Analysts downgrade Nimbus after a data breach.,negative
Summit confirmed risk management is under review.,neutral
Quantum warns of disappointing expenses as demand falls.,negative
Quantum confirmed cost optimisation is under review.,neutral
Atlas will hold its annual general meeting next week.,neutral
Apex reports impressive sales as demand rises.,positive
Helio reports robust earnings as demand rises.,positive
Atlas warns of disappointing write-downs as demand falls.,negative
Atlas scheduled a call to discuss expansion plans.,neutral
Vertex announces a dividend increase after a major contract win.,positive
Analysts upgrade Cobalt on better-than-expected outlook.,positive
Shares of Nimbus plunged amid a product recall.,negative
Summit said it will provide an update on risk management.,neutral
Orion warns of soft debt as demand falls.,negative
Apex confirmed risk management is under review.,neutral
Atlas said it will provide an update on dividend policy.,neutral
Shares of Orion surged after a major contract win.,positive
Quantum announced its annual general meeting.,neutral
Analysts downgrade Helio after weak guidance.,negative
Apex said it will provide an update on cost optimisation.,neutral
Summit said it will provide an update on capital allocation.,neutral
Analysts upgrade Atlas on robust outlook.,positive
Nimbus announces a dividend increase after an upgraded outlook.,positive
Analysts downgrade Vertex after regulatory scrutiny.,negative
Apex reports rising debt linked to a data breach.,negative
Vertex announced a board reshuffle.,neutral
Vertex cuts its debt forecast due to a lawsuit.,negative
Shares of Atlas plunged amid weak guidance.,negative
Summit reports robust sales as demand rises.,positive
Orion confirmed cost optimisation is under review.,neutral
Shares of Helio surged after record demand.,positive
Vertex reports robust earnings as demand rises.,positive
Apex announced a quarterly call.,neutral
Shares of Vertex plunged amid regulatory scrutiny.,negative
Pioneer scheduled a call to discuss cost optimisation.,neutral
Cobalt reports rising costs linked to supply chain disruption.,negative
Summit announces a dividend increase after strong quarterly results.,positive
Quantum warns of disappointing costs as demand falls.,negative
Apex said it will provide an update on capital allocation.,neutral
Analysts upgrade Orion on record outlook.,positive
Shares of Quantum plunged amid regulatory scrutiny.,negative
Cobalt announced a strategic review.,neutral
Analysts upgrade Summit on record outlook.,positive
Atlas reports rising downgrades linked to supply chain disruption.,negative
Summit said it will provide an update on expansion plans.,neutral
Pioneer scheduled a call to discuss capital allocation.,neutral
Vertex confirmed capital allocation is under review.,neutral
Vertex reports rising downgrades linked to supply chain disruption.,negative
Cobalt announces a dividend increase after an upgraded outlook.,positive
Pioneer announced a quarterly call.,neutral
Vertex reports rising downgrades linked to regulatory scrutiny.,negative
Analysts upgrade Apex on better-than-expected outlook.,positive
Nimbus confirmed capital allocation is under review.,neutral
Vertex raises its revenue guidance following a major contract win.,positive
Cobalt will hold a strategic review next week.,neutral
Analysts downgrade Pioneer after regulatory scrutiny.,negative
Vertex cuts its losses forecast due to a lawsuit.,negative
Vertex reports better-than-expected sales as demand rises.,positive
Cobalt announces a dividend increase after a successful product launch.,positive
Analysts downgrade Orion after weak guidance.,negative
Summit announced a shareholder update.,neutral
Analysts upgrade Quantum on record outlook.,positive
Shares of Pioneer plunged amid a data breach.,negative
Quantum cuts its expenses forecast due to a lawsuit.,negative
Quantum scheduled a call to discuss expansion plans.,neutral
Cobalt reports rising downgrades linked to supply chain disruption.,negative
Pioneer confirmed new partnerships is under review.,neutral
Summit announces a dividend increase after record demand.,positive
Analysts downgrade Atlas after a data breach.,negative
Pioneer scheduled a call to discuss capital allocation.,neutral
Cobalt cuts its costs forecast due to a lawsuit.,negative
Analysts upgrade Nimbus on better-than-expected outlook.,positive
Vertex cuts its costs forecast due to a data breach.,negative
Atlas warns of challenging expenses as demand falls.,negative
Orion warns of challenging expenses as demand falls.,negative
Atlas announced a quarterly call.,neutral
Atlas will hold a shareholder update next week.,neutral
Nimbus warns of worse-than-expected write-downs as demand falls.,negative
Apex scheduled a call to discuss new partnerships.,neutral
Analysts downgrade Cobalt after a lawsuit.,negative
Pioneer reports rising downgrades linked to weak guidance.,negative
Shares of Vertex surged after an upgraded outlook.,positive
Analysts upgrade Nimbus on record outlook.,positive
Cobalt will hold a shareholder update next week.,neutral
Analysts downgrade Apex after a product recall.,negative
Pioneer announced a board reshuffle.,neutral
Quantum reports rising write-downs linked to a lawsuit.,negative
Pioneer raises its cash flow guidance following record demand.,positive
Analysts upgrade Cobalt on record outlook.,positive
Nimbus announces a dividend increase after an upgraded outlook.,positive
Atlas warns of disappointing debt as demand falls.,negative
Analysts downgrade Pioneer after regulatory scrutiny.,negative
Vertex reports strong profit as demand rises.,positive
Cobalt reports strong profit as demand rises.,positive
Shares of Nimbus surged after record demand.,positive
Orion reports rising debt linked to weak guidance.,negative
Shares of Vertex surged after an upgraded outlook.,positive
Orion announces a dividend increase after an upgraded outlook.,positive
Cobalt warns of weak debt as demand falls.,negative
Analysts upgrade Apex on impressive outlook.,positive
Quantum reports rising downgrades linked to a data breach.,negative
Nimbus raises its revenue guidance following strong quarterly results.,positive
Cobalt will hold a quarterly call next week.,neutral
Analysts upgrade Summit on solid outlook.,positive
Pioneer warns of lower-than-expected debt as demand falls.,negative
Helio reports rising expenses linked to weak guidance.,negative
Apex raises its earnings guidance following record demand.,positive
Vertex reports record revenue as demand rises.,positive
Vertex will hold a board reshuffle next week.,neutral
Pioneer scheduled a call to discuss dividend policy.,neutral
Nimbus will hold a quarterly call next week.,neutral
Helio said it will provide an update on dividend policy.,neutral
Orion announces a dividend increase after a major contract win.,positive
Apex warns of soft costs as demand falls.,negative
Pioneer announced a shareholder update.,neutral
Analysts upgrade Vertex on robust outlook.,positive
Analysts upgrade Nimbus on better-than-expected outlook.,positive
Orion will hold a quarterly call next week.,neutral
Analysts downgrade Cobalt after weak guidance.,negative
Vertex announces a dividend increase after a major contract win.,positive
Apex cuts its losses forecast due to weak guidance.,negative
Orion will hold a strategic review next week.,neutral
Pioneer reports solid revenue as demand rises.,positive
Atlas announced a shareholder update.,neutral
Analysts upgrade Quantum on record outlook.,positive
Atlas reports rising losses linked to regulatory scrutiny.,negative
Pioneer announced a board reshuffle.,neutral
Shares of Pioneer plunged amid regulatory scrutiny.,negative
Quantum reports impressive revenue as demand rises.,positive
Analysts downgrade Helio after weak guidance.,negative
Shares of Vertex surged after strong quarterly results.,positive
Summit reports solid sales as demand rises.,positive
Shares of Apex plunged amid weak guidance.,negative
Quantum announces a dividend increase after a successful product launch.,positive
Analysts downgrade Quantum after a product recall.,negative
Pioneer raises its revenue guidance following strong quarterly results.,positive
Summit announces a dividend increase after record demand.,positive
Analysts upgrade Vertex on impressive outlook.,positive
Pioneer raises its guidance guidance following record demand.,positive
Shares of Orion surged after strong quarterly results.,positive
Nimbus announces a dividend increase after record demand.,positive
Apex announces a dividend increase after strong quarterly results.,positive
Shares of Orion surged after record demand.,positive
Cobalt will hold a board reshuffle next week.,neutral
Orion will hold a strategic review next week.,neutral
Nimbus cuts its debt forecast due to a lawsuit.,negative
Pioneer announces a dividend increase after a successful product launch.,positive
Vertex warns of weak debt as demand falls.,negative
Shares of Nimbus plunged amid supply chain disruption.,negative
Nimbus reports rising costs linked to regulatory scrutiny.,negative
Summit announced a board reshuffle.,neutral
Vertex raises its profit guidance following a major contract win.,positive
Vertex said it will provide an update on dividend policy.,neutral
Shares of Summit surged after record demand.,positive
Analysts downgrade Quantum after supply chain disruption.,negative
Apex reports impressive cash flow as demand rises.,positive
Apex announced a shareholder update.,neutral
Shares of Nimbus surged after a successful product launch.,positive
Analysts downgrade Cobalt after a product recall.,negative
Analysts downgrade Helio after a product recall.,negative
Analysts upgrade Helio on robust outlook.,positive
Helio reports rising downgrades linked to a product recall.,negative
Cobalt cuts its losses forecast due to weak guidance.,negative
Cobalt scheduled a call to discuss new partnerships.,neutral
Summit scheduled a call to discuss dividend policy.,neutral
Summit cuts its downgrades forecast due to a product recall.,negative
Analysts upgrade Nimbus on strong outlook.,positive
Quantum warns of lower-than-expected debt as demand falls.,negative
Helio will hold its annual general meeting next week.,neutral
Nimbus reports rising costs linked to a lawsuit.,negative
Vertex reports robust cash flow as demand rises.,positive
Nimbus confirmed expansion plans is under review.,neutral
Cobalt said it will provide an update on dividend policy.,neutral
Pioneer raises its revenue guidance following a major contract win.,positive
Analysts upgrade Summit on solid outlook.,positive
Quantum said it will provide an update on risk management.,neutral
Pioneer will hold its annual general meeting next week.,neutral
Atlas announces a dividend increase after record demand.,positive
Quantum cuts its expenses forecast due to supply chain disruption.,negative
Summit warns of lower-than-expected downgrades as demand falls.,negative
Orion scheduled a call to discuss cost optimisation.,neutral
Orion announces a dividend increase after an upgraded outlook.,positive
Cobalt announced a board reshuffle.,neutral
Analysts downgrade Vertex after supply chain disruption.,negative
Summit warns of lower-than-expected losses as demand falls.,negative
Apex announces a dividend increase after a successful product launch.,positive
Atlas confirmed new partnerships is under review.,neutral
Cobalt warns of challenging costs as demand falls.,negative
Analysts upgrade Vertex on strong outlook.,positive
Summit said it will provide an update on capital allocation.,neutral
Helio announces a dividend increase after record demand.,positive
Atlas raises its revenue guidance following a major contract win.,positive
Nimbus scheduled a call to discuss dividend policy.,neutral
Apex announced a board reshuffle.,neutral
Shares of Quantum plunged amid regulatory scrutiny.,negative
Analysts downgrade Summit after supply chain disruption.,negative
Helio scheduled a call to discuss dividend policy.,neutral
Helio cuts its write-downs forecast due to supply chain disruption.,negative
Apex announced its annual general meeting.,neutral
Vertex announced its annual general meeting.,neutral
Shares of Nimbus surged after a major contract win.,positive
Nimbus confirmed capital allocation is under review.,neutral
Cobalt reports robust earnings as demand rises.,positive
Quantum cuts its debt forecast due to weak guidance.,negative
Analysts downgrade Nimbus after weak guidance.,negative
Analysts downgrade Helio after weak guidance.,negative
Quantum will hold a quarterly call next week.,neutral
Nimbus announces a dividend increase after a successful product launch.,positive
Helio announced its annual general meeting.,neutral
Apex said it will provide an update on capital allocation.,neutral
Cobalt reports rising write-downs linked to weak guidance.,negative
Vertex announced a strategic review.,neutral
Shares of Nimbus plunged amid supply chain disruption.,negative
Orion said it will provide an update on capital allocation.,neutral
Pioneer reports rising losses linked to a data breach.,negative
Vertex raises its revenue guidance following strong quarterly results.,positive
Cobalt confirmed dividend policy is under review.,neutral
Nimbus raises its earnings guidance following record demand.,positive
Pioneer announces a dividend increase after record demand.,positive
Analysts downgrade Atlas after regulatory scrutiny.,negative
Cobalt said it will provide an update on cost optimisation.,neutral
Analysts downgrade Nimbus after a lawsuit.,negative
Summit said it will provide an update on cost optimisation.,neutral
Apex scheduled a call to discuss dividend policy.,neutral
Apex confirmed dividend policy is under review.,neutral
Analysts downgrade Helio after a data breach.,negative
Pioneer will hold a strategic review next week.,neutral
Quantum will hold a shareholder update next week.,neutral
Pioneer announced a shareholder update.,neutral
Apex announced a strategic review.,neutral
Quantum warns of soft losses as demand falls.,negative
Quantum announced a strategic review.,neutral
Shares of Pioneer surged after strong quarterly results.,positive
Pioneer reports robust sales as demand rises.,positive
Pioneer raises its sales guidance following an upgraded outlook.,positive
Helio will hold a board reshuffle next week.,neutral
Helio warns of lower-than-expected costs as demand falls.,negative
Cobalt announced a strategic review.,neutral
Vertex announces a dividend increase after strong quarterly results.,positive
Apex reports rising expenses linked to a data breach.,negative
Quantum scheduled a call to discuss cost optimisation.,neutral
Quantum cuts its write-downs forecast due to supply chain disruption.,negative
Nimbus confirmed dividend policy is under review.,neutral
Summit cuts its write-downs forecast due to a data breach.,negative
Orion scheduled a call to discuss capital allocation.,neutral
Shares of Cobalt surged after a successful product launch.,positive
Shares of Helio plunged amid a product recall.,negative
Shares of Cobalt surged after a successful product launch.,positive
Orion said it will provide an update on new partnerships.,neutral
Summit will hold a strategic review next week.,neutral
Shares of Atlas surged after a major contract win.,positive
Apex announced a shareholder update.,neutral
Orion announces a dividend increase after strong quarterly results.,positive
Orion said it will provide an update on risk management.,neutral
Analysts upgrade Pioneer on solid outlook.,positive
Pioneer warns of lower-than-expected write-downs as demand falls.,negative
Apex announced a shareholder update.,neutral
Shares of Apex plunged amid a lawsuit.,negative
Pioneer raises its revenue guidance following record demand.,positive
Helio announced a strategic review.,neutral
Quantum cuts its losses forecast due to regulatory scrutiny.,negative
Vertex will hold a strategic review next week.,neutral
Atlas confirmed risk management is under review.,neutral
Helio confirmed dividend policy is under review.,neutral
Vertex warns of worse-than-expected expenses as demand falls.,negative
Quantum announced a quarterly call.,neutral
Cobalt scheduled a call to discuss risk management.,neutral
Quantum raises its earnings guidance following a successful product launch.,positive
Shares of Nimbus plunged amid a lawsuit.,negative
Nimbus warns of weak costs as demand falls.,negative
Quantum announces a dividend increase after strong quarterly results.,positive
Helio confirmed expansion plans is under review.,neutral
Shares of Pioneer surged after a successful product launch.,positive
Nimbus announces a dividend increase after strong quarterly results.,positive
Helio raises its cash flow guidance following a major contract win.,positive
Analysts downgrade Pioneer after a data breach.,negative
Shares of Helio plunged amid a data breach.,negative
Helio said it will provide an update on cost optimisation.,neutral
Atlas cuts its expenses forecast due to weak guidance.,negative
Shares of Vertex surged after strong quarterly results.,positive
Orion announces a dividend increase after a major contract win.,positive
Shares of Nimbus surged after a major contract win.,positive
Atlas reports record sales as demand rises.,positive
Helio announces a dividend increase after an upgraded outlook.,positive
Apex cuts its losses forecast due to a data breach.,negative
Apex raises its sales guidance following a successful product launch.,positive
Nimbus confirmed capital allocation is under review.,neutral
Helio reports record revenue as demand rises.,positive
Shares of Apex plunged amid supply chain disruption.,negative
Orion announced a board reshuffle.,neutral
Atlas warns of lower-than-expected losses as demand falls.,negative
Helio announced a quarterly call.,neutral
Analysts downgrade Pioneer after regulatory scrutiny.,negative
Cobalt reports better-than-expected profit as demand rises.,positive
Atlas will hold a board reshuffle next week.,neutral
Analysts downgrade Nimbus after a data breach.,negative
Analysts upgrade Orion on impressive outlook.,positive
Pioneer announces a dividend increase after strong quarterly results.,positive
Apex announces a dividend increase after an upgraded outlook.,positive
Apex will hold a strategic review next week.,neutral
Summit scheduled a call to discuss capital allocation.,neutral
Nimbus announces a dividend increase after record demand.,positive
Helio will hold a quarterly call next week.,neutral
Quantum cuts its costs forecast due to a product recall.,negative
Helio reports rising downgrades linked to weak guidance.,negative
Orion said it will provide an update on capital allocation.,neutral
Shares of Vertex surged after a successful product launch.,positive
Nimbus announces a dividend increase after an upgraded outlook.,positive
Atlas will hold a board reshuffle next week.,neutral
Analysts upgrade Nimbus on record outlook.,positive
Cobalt scheduled a call to discuss expansion plans.,neutral
Quantum scheduled a call to discuss expansion plans.,neutral
Atlas reports rising expenses linked to a product recall.,negative
Vertex reports impressive earnings as demand rises.,positive
Summit scheduled a call to discuss capital allocation.,neutral
Nimbus confirmed dividend policy is under review.,neutral
Helio announced a quarterly call.,neutral
Orion announced a board reshuffle.,neutral
Shares of Apex plunged amid regulatory scrutiny.,negative
Atlas reports better-than-expected cash flow as demand rises.,positive
Quantum announces a dividend increase after a successful product launch.,positive
Shares of Helio surged after a successful product launch.,positive
Apex will hold a board reshuffle next week.,neutral
Shares of Pioneer surged after a successful product launch.,positive
Analysts downgrade Helio after a product recall.,negative
Pioneer warns of worse-than-expected costs as demand falls.,negative
Nimbus warns of soft losses as demand falls.,negative
Pioneer reports solid sales as demand rises.,positive
Shares of Quantum surged after record demand.,positive
Shares of Orion surged after an upgraded outlook.,positive
Analysts downgrade Quantum after weak guidance.,negative
Orion raises its profit guidance following an upgraded outlook.,positive
Quantum reports rising losses linked to a lawsuit.,negative
Analysts upgrade Pioneer on impressive outlook.,positive
Shares of Orion surged after a major contract win.,positive
Helio warns of lower-than-expected write-downs as demand falls.,negative
Helio confirmed dividend policy is under review.,neutral
Atlas said it will provide an update on expansion plans.,neutral
Analysts upgrade Quantum on impressive outlook.,positive
Shares of Apex surged after strong quarterly results.,positive
Orion cuts its downgrades forecast due to weak guidance.,negative
Apex raises its revenue guidance following a successful product launch.,positive
Orion warns of soft debt as demand falls.,negative
Helio raises its profit guidance following strong quarterly results.,positive
Analysts downgrade Summit after regulatory scrutiny.,negative
Nimbus cuts its debt forecast due to supply chain disruption.,negative
Pioneer reports record guidance as demand rises.,positive
Summit will hold a board reshuffle next week.,neutral
Analysts downgrade Vertex after a product recall.,negative
Vertex warns of weak downgrades as demand falls.,negative
Orion said it will provide an update on dividend policy.,neutral
Analysts downgrade Cobalt after supply chain disruption.,negative
Orion cuts its downgrades forecast due to supply chain disruption.,negative
Analysts downgrade Nimbus after regulatory scrutiny.,negative
Analysts upgrade Helio on better-than-expected outlook.,positive
Cobalt reports strong earnings as demand rises.,positive
Apex reports rising debt linked to supply chain disruption.,negative
Cobalt cuts its write-downs forecast due to supply chain disruption.,negative
Nimbus announced a strategic review.,neutral
Orion announced a board reshuffle.,neutral
Atlas said it will provide an update on risk management.,neutral
Quantum announces a dividend increase after an upgraded outlook.,positive
Nimbus said it will provide an update on capital allocation.,neutral
Shares of Apex plunged amid a product recall.,negative
Orion confirmed capital allocation is under review.,neutral
Cobalt reports strong profit as demand rises.,positive
Quantum said it will provide an update on capital allocation.,neutral
Helio said it will provide an update on new partnerships.,neutral
Analysts downgrade Vertex after supply chain disruption.,negative
Pioneer warns of worse-than-expected downgrades as demand falls.,negative
Summit reports solid cash flow as demand rises.,positive
Vertex cuts its debt forecast due to supply chain disruption.,negative
Summit announces a dividend increase after record demand.,positive
Summit will hold its annual general meeting next week.,neutral
Vertex scheduled a call to discuss risk management.,neutral
Quantum scheduled a call to discuss new partnerships.,neutral
Orion will hold a strategic review next week.,neutral
Orion reports rising costs linked to a data breach.,negative
Analysts downgrade Nimbus after a product recall.,negative
Shares of Nimbus surged after a major contract win.,positive
Quantum will hold a strategic review next week.,neutral
Analysts downgrade Quantum after a lawsuit.,negative
Cobalt confirmed expansion plans is under review.,neutral
Helio reports rising costs linked to regulatory scrutiny.,negative
Orion warns of disappointing debt as demand falls.,negative
Analysts downgrade Orion after a product recall.,negative
Pioneer cuts its expenses forecast due to supply chain disruption.,negative
Analysts downgrade Pioneer after a data breach.,negative
Pioneer warns of weak write-downs as demand falls.,negative
Apex warns of worse-than-expected write-downs as demand falls.,negative
Summit scheduled a call to discuss risk management.,neutral
Atlas will hold a quarterly call next week.,neutral
Nimbus reports record cash flow as demand rises.,positive
Shares of Summit plunged amid a data breach.,negative
Quantum will hold its annual general meeting next week.,neutral
Pioneer scheduled a call to discuss new partnerships.,neutral
Atlas raises its cash flow guidance following a successful product launch.,positive
Summit announces a dividend increase after a major contract win.,positive
Vertex reports rising losses linked to supply chain disruption.,negative
Cobalt cuts its losses forecast due to supply chain disruption.,negative
Cobalt reports record earnings as demand rises.,positive
Orion confirmed new partnerships is under review.,neutral
Apex warns of lower-than-expected costs as demand falls.,negative
Apex reports strong profit as demand rises.,positive
Cobalt said it will provide an update on new partnerships.,neutral
Nimbus confirmed risk management is under review.,neutral
Atlas raises its earnings guidance following a successful product launch.,positive
Summit confirmed dividend policy is under review.,neutral
Analysts upgrade Vertex on better-than-expected outlook.,positive
Nimbus said it will provide an update on new partnerships.,neutral
Orion raises its revenue guidance following a successful product launch.,positive
Atlas cuts its expenses forecast due to weak guidance.,negative
Cobalt confirmed dividend policy is under review.,neutral
Shares of Cobalt plunged amid supply chain disruption.,negative
Shares of Summit plunged amid a lawsuit.,negative
Orion announces a dividend increase after an upgraded outlook.,positive
Shares of Helio surged after a successful product launch.,positive
Cobalt will hold a strategic review next week.,neutral
Vertex announces a dividend increase after record demand.,positive
Analysts downgrade Nimbus after regulatory scrutiny.,negative
Pioneer said it will provide an update on cost optimisation.,neutral
Nimbus raises its guidance guidance following a major contract win.,positive
Analysts upgrade Helio on record outlook.,positive
Orion scheduled a call to discuss expansion plans.,neutral
Helio reports record sales as demand rises.,positive
Atlas confirmed new partnerships is under review.,neutral
Cobalt reports rising losses linked to a data breach.,negative
Pioneer reports rising write-downs linked to a data breach.,negative
Analysts downgrade Nimbus after a product recall.,negative
Shares of Quantum surged after an upgraded outlook.,positive
Apex raises its sales guidance following a successful product launch.,positive
Pioneer raises its earnings guidance following record demand.,positive
Summit scheduled a call to discuss dividend policy.,neutral
Nimbus raises its sales guidance following a successful product launch.,positive
Atlas cuts its downgrades forecast due to a data breach.,negative
Apex will hold a board reshuffle next week.,neutral
Cobalt confirmed cost optimisation is under review.,neutral
Apex raises its profit guidance following strong quarterly results.,positive
Cobalt reports solid guidance as demand rises.,positive
Pioneer said it will provide an update on dividend policy.,neutral
